{
  "correlations_casting_year_vs_feature": {
    "f_hum": {
      "r": 0.2643234522447323,
      "p": 0.49189857955643895,
      "n": 9
    },
    "f_prime": {
      "r": -0.03594441172988327,
      "p": 0.9164399015922021,
      "n": 11
    },
    "f_tierce": {
      "r": 0.22618945705595608,
      "p": 0.503632378057334,
      "n": 11
    },
    "f_quint": {
      "r": -0.040298954193598795,
      "p": 0.9063531440959653,
      "n": 11
    },
    "f_nominal": {
      "r": -0.03157874727453861,
      "p": 0.9265635350276165,
      "n": 11
    },
    "tierce_cents": {
      "r": 0.04696550807568602,
      "p": 0.8909353832034118,
      "n": 11
    },
    "t60": {
      "r": 0.1276648268928465,
      "p": 0.7083526050551506,
      "n": 11
    },
    "spectral_centroid": {
      "r": 0.4414662011075459,
      "p": 0.17404748382761664,
      "n": 11
    },
    "spectral_bandwidth": {
      "r": 0.2581409294206558,
      "p": 0.4434378501928867,
      "n": 11
    }
  },
  "classification_pre_post_1900": {
    "n_samples": 11,
    "class_balance": {
      "0": 8,
      "1": 3
    },
    "knn": {
      "loo_accuracy": 0.5454545454545454,
      "balanced_accuracy": 0.47916666666666663,
      "post1900_recall": 0.3333333333333333,
      "confusion_matrix": [
        [
          5,
          3
        ],
        [
          2,
          1
        ]
      ],
      "k": 3
    },
    "mlp_deep_learning": {
      "loo_accuracy": 0.8181818181818182,
      "balanced_accuracy": 0.875,
      "post1900_recall": 1.0,
      "confusion_matrix": [
        [
          6,
          2
        ],
        [
          0,
          3
        ]
      ],
      "architecture": "16-8 hidden units"
    },
    "majority_class_baseline": 0.7272727272727273
  },
  "n_churches": 12,
  "max_strikes_per_church_used": 15
}