{
  "correlations_casting_year_vs_feature": {
    "f_hum": {
      "r": 0.4177421838416223,
      "p": 0.26322767303717726,
      "n": 9
    },
    "f_prime": {
      "r": 0.006009635745616316,
      "p": 0.986008898770631,
      "n": 11
    },
    "f_tierce": {
      "r": 0.28113583738541026,
      "p": 0.4023349223754377,
      "n": 11
    },
    "f_quint": {
      "r": 0.0007374710436292233,
      "p": 0.9982830140341797,
      "n": 11
    },
    "f_nominal": {
      "r": 0.0005620310541298752,
      "p": 0.9986914744689909,
      "n": 11
    },
    "tierce_cents": {
      "r": 0.04803159560516262,
      "p": 0.8884728531787607,
      "n": 11
    },
    "t60": {
      "r": 0.1642672187835506,
      "p": 0.6293500532907671,
      "n": 11
    },
    "spectral_centroid": {
      "r": 0.47187792234319637,
      "p": 0.14281594180432022,
      "n": 11
    },
    "spectral_bandwidth": {
      "r": 0.27436550481335786,
      "p": 0.41423623368671403,
      "n": 11
    }
  },
  "classification_pre_post_1900": {
    "n_samples": 11,
    "class_balance": {
      "0": 8,
      "1": 3
    },
    "knn": {
      "loo_accuracy": 0.6363636363636364,
      "balanced_accuracy": 0.5416666666666666,
      "post1900_recall": 0.3333333333333333,
      "confusion_matrix": [
        [
          6,
          2
        ],
        [
          2,
          1
        ]
      ],
      "k": 3
    },
    "mlp_deep_learning": {
      "loo_accuracy": 0.9090909090909091,
      "balanced_accuracy": 0.9375,
      "post1900_recall": 1.0,
      "confusion_matrix": [
        [
          7,
          1
        ],
        [
          0,
          3
        ]
      ],
      "architecture": "16-8 hidden units"
    },
    "majority_class_baseline": 0.7272727272727273
  },
  "n_churches": 12,
  "max_strikes_per_church_used": 15
}