{
  "correlations_casting_year_vs_feature": {
    "f_hum": {
      "r": 0.2643234522447323,
      "p": 0.49189857955643906,
      "n": 9
    },
    "f_prime": {
      "r": -0.3661719667261619,
      "p": 0.2680574168606048,
      "n": 11
    },
    "f_tierce": {
      "r": -0.18083828217271167,
      "p": 0.5946446935848707,
      "n": 11
    },
    "f_quint": {
      "r": -0.3274452891273042,
      "p": 0.32562475186108525,
      "n": 11
    },
    "f_nominal": {
      "r": -0.3455435747197304,
      "p": 0.29795637973264527,
      "n": 11
    },
    "tierce_cents": {
      "r": 0.4951646169603111,
      "p": 0.12146638948881575,
      "n": 11
    },
    "t60": {
      "r": 0.11597920932864356,
      "p": 0.7341710597685669,
      "n": 11
    },
    "spectral_centroid": {
      "r": 0.6742455081235235,
      "p": 0.022886759791949273,
      "n": 11
    },
    "spectral_bandwidth": {
      "r": 0.6309682120490612,
      "p": 0.03737005258986149,
      "n": 11
    }
  },
  "classification_pre_post_1900": {
    "n_samples": 11,
    "class_balance": {
      "0": 7,
      "1": 4
    },
    "knn": {
      "loo_accuracy": 0.7272727272727273,
      "balanced_accuracy": 0.7321428571428572,
      "post1900_recall": 0.75,
      "confusion_matrix": [
        [
          5,
          2
        ],
        [
          1,
          3
        ]
      ],
      "k": 3
    },
    "mlp_deep_learning": {
      "loo_accuracy": 0.8181818181818182,
      "balanced_accuracy": 0.8035714285714286,
      "post1900_recall": 0.75,
      "confusion_matrix": [
        [
          6,
          1
        ],
        [
          1,
          3
        ]
      ],
      "architecture": "16-8 hidden units"
    },
    "majority_class_baseline": 0.6363636363636364
  },
  "n_churches": 11,
  "max_strikes_per_church_used": 15
}