{
  "correlations_casting_year_vs_feature": {
    "f_hum": {
      "r": 0.4218070156817926,
      "p": 0.25812717737675417,
      "n": 9
    },
    "f_prime": {
      "r": 0.0754124768307813,
      "p": 0.8158146670179458,
      "n": 12
    },
    "f_tierce": {
      "r": 0.3666178034926055,
      "p": 0.24112532754139795,
      "n": 12
    },
    "f_quint": {
      "r": 0.10034789221071412,
      "p": 0.756335819210466,
      "n": 12
    },
    "f_nominal": {
      "r": 0.10918780990467138,
      "p": 0.7355213701718557,
      "n": 12
    },
    "tierce_cents": {
      "r": 0.22080544899239374,
      "p": 0.49042114111022395,
      "n": 12
    },
    "t60": {
      "r": 0.17578924322156228,
      "p": 0.6051428334103846,
      "n": 11
    },
    "spectral_centroid": {
      "r": 0.437533156264807,
      "p": 0.15489744559848206,
      "n": 12
    },
    "spectral_bandwidth": {
      "r": 0.21488973564519306,
      "p": 0.5024062308609452,
      "n": 12
    }
  },
  "classification_pre_post_1900": {
    "n_samples": 12,
    "class_balance": {
      "0": 10,
      "1": 2
    },
    "knn": {
      "loo_accuracy": 0.8333333333333334,
      "k": 3
    },
    "mlp_deep_learning": {
      "loo_accuracy": 0.75,
      "architecture": "16-8 hidden units"
    },
    "majority_class_baseline": 0.8333333333333334
  },
  "n_churches": 13,
  "max_strikes_per_church_used": 15
}