{
  "correlations_casting_year_vs_feature": {
    "f_hum": {
      "r": 0.4177421838416223,
      "p": 0.26322767303717726,
      "n": 9
    },
    "f_prime": {
      "r": 0.03542399407399483,
      "p": 0.9129694585060277,
      "n": 12
    },
    "f_tierce": {
      "r": 0.32795376925840447,
      "p": 0.29802311151739025,
      "n": 12
    },
    "f_quint": {
      "r": 0.044483488736873335,
      "p": 0.8908172262559588,
      "n": 12
    },
    "f_nominal": {
      "r": 0.038933700302639124,
      "p": 0.9043799824092993,
      "n": 12
    },
    "tierce_cents": {
      "r": 0.23170928725288667,
      "p": 0.46867509309839345,
      "n": 12
    },
    "t60": {
      "r": 0.1642672187835506,
      "p": 0.6293500532907671,
      "n": 11
    },
    "spectral_centroid": {
      "r": 0.476394538979841,
      "p": 0.11740963945589113,
      "n": 12
    },
    "spectral_bandwidth": {
      "r": 0.2882331912078682,
      "p": 0.36360250742068323,
      "n": 12
    }
  },
  "classification_pre_post_1900": {
    "n_samples": 12,
    "class_balance": {
      "0": 9,
      "1": 3
    },
    "knn": {
      "loo_accuracy": 0.6666666666666666,
      "k": 3
    },
    "mlp_deep_learning": {
      "loo_accuracy": 0.8333333333333334,
      "architecture": "16-8 hidden units"
    },
    "majority_class_baseline": 0.75
  },
  "n_churches": 13,
  "max_strikes_per_church_used": 15
}